num,AAA,AAC,AAG,AAT,ACA,ACC,ACG,ACT,AGA,AGC,AGG,AGT,ATA,ATC,ATG,ATT,CAA,CAC,CAG,CAT,CCA,CCC,CCG,CCT,CGA,CGC,CGG,CGT,CTA,CTC,CTG,CTT,GAA,GAC,GAG,GAT,GCA,GCC,GCG,GCT,GGA,GGC,GGG,GGT,GTA,GTC,GTG,GTT,TAA,TAC,TAG,TAT,TCA,TCC,TCG,TCT,TGA,TGC,TGG,TGT,TTA,TTC,TTG,TTT
1,0.019257221,0.019944979,0.023383769,0.01650619,0.015130674,0.015818432,0.018569464,0.014442916,0.012379642,0.023383769,0.018569464,0.017881706,0.011004127,0.008940853,0.019257221,0.011004127,0.017193948,0.0130674,0.018569464,0.009628611,0.008940853,0.0130674,0.018569464,0.010316369,0.015130674,0.015818432,0.024759285,0.015130674,0.010316369,0.009628611,0.018569464,0.007565337,0.026134801,0.017193948,0.019944979,0.015818432,0.024759285,0.014442916,0.019257221,0.011691884,0.027510316,0.015818432,0.028885832,0.021320495,0.019944979,0.0130674,0.024759285,0.008940853,0.01650619,0.014442916,0.010316369,0.008253095,0.009628611,0.007565337,0.014442916,0.009628611,0.023383769,0.015130674,0.021320495,0.012379642,0.008253095,0.009628611,0.010316369,0.005502063
2,0.020245842,0.018076645,0.020245842,0.015907448,0.01373825,0.015907448,0.016630513,0.013015184,0.016630513,0.024584237,0.015907448,0.015907448,0.00867679,0.010122921,0.017353579,0.010122921,0.016630513,0.012292119,0.015907448,0.010122921,0.00867679,0.012292119,0.015907448,0.01373825,0.013015184,0.014461316,0.023861171,0.014461316,0.012292119,0.011569053,0.018076645,0.007230658,0.020968908,0.017353579,0.02241504,0.015184382,0.023861171,0.011569053,0.021691974,0.01373825,0.025307303,0.015907448,0.028199566,0.021691974,0.018076645,0.012292119,0.02241504,0.009399855,0.017353579,0.011569053,0.01373825,0.005784526,0.00867679,0.012292119,0.011569053,0.007953724,0.020245842,0.014461316,0.023138106,0.009399855,0.009399855,0.007230658,0.009399855,0.005061461
3,0.017774852,0.023699803,0.022383147,0.014483213,0.017116524,0.01843318,0.017774852,0.01514154,0.017116524,0.019091508,0.023041475,0.019091508,0.00921659,0.010533246,0.014483213,0.009874918,0.013824885,0.013824885,0.023041475,0.008558262,0.009874918,0.011849901,0.015799868,0.01514154,0.011191573,0.013824885,0.020408163,0.017116524,0.00921659,0.00921659,0.019749835,0.012508229,0.02764977,0.01843318,0.021066491,0.012508229,0.019749835,0.013166557,0.016458196,0.013166557,0.026991442,0.017116524,0.028966425,0.023699803,0.023041475,0.013824885,0.025674786,0.005924951,0.019091508,0.012508229,0.011849901,0.008558262,0.012508229,0.00921659,0.012508229,0.007241606,0.02435813,0.012508229,0.02435813,0.008558262,0.010533246,0.007899934,0.009874918,0.006583278
4,0.019808743,0.025956284,0.023907104,0.012978142,0.020491803,0.013661202,0.022540984,0.016393443,0.017076503,0.016393443,0.025273224,0.020491803,0.006147541,0.008196721,0.012978142,0.009562842,0.023224044,0.015027322,0.018442623,0.007513661,0.010245902,0.011612022,0.015710383,0.012978142,0.017076503,0.018442623,0.019125683,0.013661202,0.009562842,0.010245902,0.017076503,0.009562842,0.024590164,0.019808743,0.027322404,0.012295082,0.022540984,0.015710383,0.016393443,0.012295082,0.030054645,0.017759563,0.024590164,0.020491803,0.017759563,0.012978142,0.020491803,0.014344262,0.015027322,0.012978142,0.009562842,0.004098361,0.010928962,0.009562842,0.013661202,0.004781421,0.019808743,0.014344262,0.023907104,0.010245902,0.008196721,0.007513661,0.017759563,0.006830601
5,0.017426273,0.022788204,0.024798928,0.016085791,0.016085791,0.016085791,0.022117962,0.014075067,0.017426273,0.022788204,0.020107239,0.017426273,0.007372654,0.006702413,0.018096515,0.008042895,0.016756032,0.014745308,0.018096515,0.007372654,0.010053619,0.010723861,0.018766756,0.012734584,0.018096515,0.018096515,0.022788204,0.016085791,0.012064343,0.013404826,0.014075067,0.008713137,0.027479893,0.018096515,0.023458445,0.013404826,0.02077748,0.016085791,0.019436997,0.014075067,0.026809651,0.017426273,0.02613941,0.018766756,0.016756032,0.01541555,0.024128686,0.012064343,0.019436997,0.012734584,0.011394102,0.002680965,0.010053619,0.009383378,0.014745308,0.007372654,0.020107239,0.012064343,0.02077748,0.016085791,0.010053619,0.006032172,0.012734584,0.004021448
6,0.016903313,0.020283976,0.022988506,0.017579446,0.016903313,0.015551048,0.020283976,0.014198783,0.014874915,0.020283976,0.020960108,0.019607843,0.01081812,0.008789723,0.016227181,0.01081812,0.014198783,0.012170385,0.018255578,0.009465855,0.00811359,0.012846518,0.014874915,0.012170385,0.015551048,0.012846518,0.021636241,0.015551048,0.008789723,0.008789723,0.017579446,0.011494253,0.028397566,0.017579446,0.020960108,0.01352265,0.017579446,0.012170385,0.018255578,0.012846518,0.028397566,0.014874915,0.025693036,0.020283976,0.022312373,0.01352265,0.022988506,0.008789723,0.017579446,0.016227181,0.012170385,0.006085193,0.011494253,0.00811359,0.012846518,0.006761325,0.021636241,0.012170385,0.024340771,0.012170385,0.010141988,0.00811359,0.01352265,0.006085193
7,0.008213552,0.019164956,0.022587269,0.006160164,0.012320329,0.020533881,0.020533881,0.003422313,0.014373717,0.021902806,0.021218344,0.011635866,0.005475702,0.006844627,0.013689254,0.005475702,0.013004791,0.012320329,0.016427105,0.009582478,0.011635866,0.041752225,0.040383299,0.011635866,0.019164956,0.026694045,0.037645448,0.016427105,0.005475702,0.00752909,0.012320329,0.006160164,0.022587269,0.016427105,0.022587269,0.013004791,0.01779603,0.034223135,0.028747433,0.013689254,0.030800821,0.030116359,0.054757016,0.019164956,0.013689254,0.013689254,0.019164956,0.00752909,0.012320329,0.008898015,0.00752909,0.002737851,0.009582478,0.009582478,0.01026694,0.002737851,0.01026694,0.015742642,0.021218344,0.006844627,0.006160164,0.004106776,0.008898015,0.001368925
8,0.019297037,0.020675396,0.024121296,0.015851137,0.014472777,0.017918677,0.019297037,0.013783598,0.012405238,0.024810476,0.015851137,0.017918677,0.009648518,0.007580979,0.019986216,0.008959338,0.017229497,0.013094418,0.016540317,0.008959338,0.009648518,0.012405238,0.017918677,0.011026878,0.013783598,0.015161957,0.022742936,0.016540317,0.009648518,0.010337698,0.017918677,0.010337698,0.024810476,0.019986216,0.020675396,0.013783598,0.021364576,0.014472777,0.017229497,0.013783598,0.027567195,0.013094418,0.031013094,0.024121296,0.021364576,0.012405238,0.026878015,0.008959338,0.018607857,0.012405238,0.010337698,0.008270159,0.010337698,0.006202619,0.013783598,0.008959338,0.024121296,0.013783598,0.025499655,0.011026878,0.008959338,0.008959338,0.010337698,0.004824259
9,0.016249154,0.019634394,0.02098849,0.014218009,0.016249154,0.015572106,0.018280298,0.014218009,0.015572106,0.021665538,0.02098849,0.018957346,0.009478673,0.009478673,0.020311442,0.009478673,0.011509817,0.012186865,0.02098849,0.010832769,0.008124577,0.009478673,0.016249154,0.010832769,0.015572106,0.012863913,0.01760325,0.015572106,0.010155721,0.008124577,0.02098849,0.008801625,0.023696682,0.020311442,0.022342586,0.016926202,0.020311442,0.014218009,0.015572106,0.014895058,0.026404875,0.015572106,0.025050779,0.020311442,0.020311442,0.011509817,0.023696682,0.008124577,0.018280298,0.012186865,0.012863913,0.006770481,0.010832769,0.006770481,0.012863913,0.008124577,0.024373731,0.014895058,0.024373731,0.010155721,0.008801625,0.009478673,0.009478673,0.007447529
10,0.016475645,0.022922636,0.023638968,0.013610315,0.01504298,0.015759312,0.019340974,0.01504298,0.013610315,0.020773639,0.019340974,0.018624642,0.010744986,0.009312321,0.014326648,0.010744986,0.016475645,0.01217765,0.019340974,0.010028653,0.011461318,0.017191977,0.015759312,0.014326648,0.009312321,0.017191977,0.022206304,0.015759312,0.010744986,0.008595989,0.019340974,0.010744986,0.024355301,0.018624642,0.015759312,0.013610315,0.023638968,0.01504298,0.017908309,0.010028653,0.03008596,0.015759312,0.031518625,0.020773639,0.017908309,0.013610315,0.021489971,0.010744986,0.018624642,0.011461318,0.01217765,0.007879656,0.008595989,0.010744986,0.011461318,0.010028653,0.019340974,0.014326648,0.024355301,0.009312321,0.010744986,0.009312321,0.01217765,0.005730659
